"","X","upBC","dnBC","count","freq","cloneID"
"1",1,"AGAGAGTCTGTGTGTGG","TGGGTGTTAACGTGTCTAACCCTTGATTGG",1379,0.0921237223595431,"1"
"2",2,"AGTCACTCTCAGTCTGG","TCCGTTTATCTGGCTCTCCCTTACTCACCG",769,0.0513728371968735,"2"
"3",3,"TGTCAGGGAGTCACCCA","CAATATTGTGTTCCCTCTATGCTTCAATTC",711,0.0474981628699312,"3"
"4",4,"ACTGTCTCTGTCTCTGC","AACGTTAGGTTTTGTTCTCGTTGGTTGCTG",699,0.0466965061126328,"4"
"5",5,"TCGGTCGCTCTGAGTGT","TGGCTAGGTTTAACTAGCTGCACTAATCGG",659,0.0440243169216381,"5"
"6",6,"ACCCTCGGTCTGTCTCA","CGTCGGTTGTCCATCGGCTTTTTTTTTTCG",643,0.0429554412452402,"6"
"7",7,"TCGGTCTGTCGGTCAGC","ATACTCGGAAGCGTTTATTGGACCTGTGGG",589,0.0393479858373973,"7"
"8",8,"TGCCTGTCACGCTGTGA","GTCCAGCAGCTCATGGTTCTGTTCTATCTC",501,0.0334691696172089,"8"
"9",9,"AGTGAGTGACAGTGCGT","TTCATCCAGGAACGTCTGGGCTTAACTTTA",482,0.0321998797514864,"9"
"10",10,"TGTGTGGGTGTCTCGGA","TCAGTGTTAGTGATTATTTCGTGTCAAGGT",443,0.0295944952902666,"10"
"11",11,"TGCCTCTGAGTCAGCGG","GGGTCGGCTTCTTGCTGGGTCATTGTGAAC",437,0.0291936669116173,"11"
"12",12,"TGTGTCAGTCGGAGAGT","CCTCCAATACGCATTGGCGGTGCTGGTAGC",424,0.0283252054245441,"12"
"13",13,"AGTCACTGTCGGACGGT","TAGATTCCTACCCTCGACGTGTGATATTTT",406,0.0271227202885964,"13"
"14",14,"TCTGTGTCTGGCTGTCA","CGGTGCGCTAACTCCTGTTGGTTGTTTCGG",387,0.0258534304228739,"14"
"15",15,"TCCCTGGGTGTCACGGC","GTGAGAGAGGGTAATTTTTGTATGCTTCGT",359,0.0239828979891776,"15"
"16",16,"AGCCAGGCTCTCAGTCC","CTGTGCTCTCAACGTCAAGACGAGTGGAGC",353,0.0235820696105284,"16"
"17",17,"AGACTCTGACAGTCTGA","TTATTGACTTCCTCAGAACTTATCGAAACT",314,0.0209766851493086,"17"
"18",18,"TGGGTCTCAGCGTGGGT","GCTTGCTGCATACTCCTTTAATGTAAGGGC",273,0.018237691228539,"18"
"19",19,"AGTCACTCTGGCTGTGT","GCATTTCGCTCAGTTCATTAGCTGAGTCTC",251,0.0167679871734919,"19"
"20",20,"TCTGAGTGTGGGAGTCG","TTGTCCGGGTTTGGGTGGGGTTGAACGTTA",238,0.0158995256864186,"20"
"21",21,"TCGGTCTGACCGTCTCA","GTGCCAATTCGTGTCTGGGGTAGCTCTTGT",233,0.0155655020375443,"21"
"22",22,"ACTCAGAGAGCCAGTGA","AGATGTGTTTTTGGGGGGCGGGAAGTTTAT",202,0.0134945554145233,"22"
"23",23,"AGGGACCCACTCTGTCT","TCAGGTGTCGTTTGTTAATTAACTCGATGG",201,0.0134277506847485,"23"
"24",24,"AGACTGGGACGGACTGT","GGGGGGTGGTTCTTCCGGCAGCTGCCTCCC",186,0.0124256797381255,"24"
"25",25,"TCTCAGGGTCTGTGTCA","GGCCATTCGGATGATCACGCCTGCTTGCCG",173,0.0115572182510522,"25"
"26",26,"AGTCTGTGTCCGTGTGG","TTTTAGAGAGGTTATGATTTGATTTTAACG",173,0.0115572182510522,"26"
"27",27,"ACTCAGGCAGCGTGTGT","TCAACTTCTTTCTACAGGCTGGGTAGGGAC",140,0.00935266216848153,"27"
"28",28,"ACGGTCCGACTGTCAGC","GTGGATCAGGACTTGCATTTTTTTGTGGAT",140,0.00935266216848153,"28"
"29",29,"TCGCTGTCTCTGAGTGG","AATGTTAGTGGCGCTGTAGCTTGGGTTTCG",121,0.00808337230275903,"29"
"30",30,"AGAGAGCCACGGACTGA","TTTATTATCTGCTTCGTTGACACTGGTACT",113,0.00754893446456009,"30"
"31",31,"ACTCTCCGTCACTGGGA","ATGATACCTTTGAGATCGCGGGAACTTTGG",112,0.00748212973478522,"31"
"32",32,"TGTGTCGCTGTCTCCCT","GAAGTCTGTGGGCCTGGACCTGTGTAGCTT",112,0.00748212973478522,"32"
"33",33,"ACTCTGGGTCCCAGCCC","CGGCTTCGTTATGGTTCTTCTCCGTTGACC",108,0.00721491081568575,"33"
"34",34,"TGTGACACTGCGTGGCT","GGCGGTGTTTGGGTCTGCCGCGCGGGTTAA",100,0.00668047297748681,"34"
"35",35,"TGTCAGTGACTGACAGG","GGGACTTCGCTTTAGGTTCGTCTCGTTGCC",100,0.00668047297748681,"35"
"36",36,"AGGGAGAGTCGCTGAGT","CTAGGATTAGGCGTGAGATGCGGCTGTACT",95,0.00634644932861247,"36"
"37",37,"TGCGAGTGTGGCACCGG","AAAGTTTCATTCTGCGTGTGTTTATTCATG",87,0.00581201149041352,"37"
"38",38,"AGAGAGGGAGCGAGGGT","GGGATGTGCTTTTAGGTGTTTTTTCCCCCT",81,0.00541118311176431,"38"
"39",39,"ACTCAGTGTGTCTCCCT","TTTTCTTAGGGGTCTGAATTGCATGTATTC",80,0.00534437838198944,"39"
"40",40,"TGGGACAGAGTGTCTGG","GGGTGATGTTCATCGACTGACGATTTCATT",76,0.00507715946288997,"40"
"41",41,"TCTGTGTGTGAGAGACT","AGATTAGCCTTAACTGCGTGGGCTTCCGTT",75,0.0050103547331151,"41"
"42",42,"TGGGTGTGTCTGTGTCT","CCTTAAGAGTGGTTACCGGTTTTGAATTTT",73,0.00487674527356537,"42"
"43",43,"AGCGTGCGTCAGTGTCT","GCTCGCGTTGGTGCTTTTGCTGGCGTTTCC",67,0.00447591689491616,"43"
"44",44,"TCACTCGCTCTGAGGGT","GATAGATTTTTTTTTTGGCTTTGTTTTCGG",57,0.00380786959716748,"44"
"45",45,"AGGGTGCCACACAGACG","GTAGGATCTCACGGTGCGTTTTGTGATCCG",55,0.00367426013761774,"45"
"46",46,"ACCGACCCTCCCAGGCA","CTTTATTCATAAACTTGTAAGTTTTTCTGT",54,0.00360745540784288,"46"
"47",47,"AGTGACACTCAGACTGA","TGTAGTACTGTGGATCTTCTTGTGTGAGCT",53,0.00354065067806801,"47"
"48",48,"ACGCTGTGTGTGACGCT","GGACTACTGTTATTTGAGTCAGGTTATTAT",52,0.00347384594829314,"48"
"49",49,"TCCCACGCACCCAGGGT","CTTGATGGATGGTGTAACGTGGAATCTGAT",52,0.00347384594829314,"49"
"50",50,"TCTCTGGCACGGTGTGA","TGGTTCCTAGGGCAATTTGGCTTCGCTTTG",49,0.00327343175896853,"50"
"51",51,"AGGCTCGGAGTGAGGCT","GTGTTCTGTTGGTTGTTTGGTGAGATGCTA",48,0.00320662702919367,"51"
"52",52,"AGTGACTGACGGTGTGG","TTGGGGGAGCTTTCGTTCTTTAATTTGACG",47,0.0031398222994188,"52"
"53",53,"TCGCTGGCAGGCTCTCC","CCTATTGCTATTTATTTAGAGGTAGAGTTC",45,0.00300621283986906,"53"
"54",54,"TGAGTGCCTGGGTCTCC","GAACTGTGGCCTCCAGTTGGGAGTATTTCT",45,0.00300621283986906,"54"
"55",55,"TGAGTGTGTCGCTGTCG","CCCACTTCCTGTCCGTGTCGCTCGCGTCTC",40,0.00267218919099472,"55"
"56",56,"AGTCTCTGTGTCTGTCG","TTTTTGCGCGTAATTGGGCGGGGTTGGGTT",39,0.00260538446121985,"56"
"57",57,"TCGCTGACAGGGTGTCA","CCCTTGGGTGTTAACGTGTCTAACCCTTGA",36,0.00240497027189525,"57"
"58",58,"AGCGTCAGACCGAGACG","TTTGAGTGTTTCGGTGCTTTAAGTTGGGGT",35,0.00233816554212038,"58"
"59",59,"AGTGAGCGTCTCACTCT","CCAGTGGTGCAAGGAGGTACGGGACTTCAC",35,0.00233816554212038,"59"
"60",60,"TGGGTGGCAGGGTCGGT","GTCTGGGTACCATTCATTACCTGATATTAG",33,0.00220455608257065,"60"
"61",61,"AGCGTGTGTGGCAGTCT","CGTTTTTGGCCTGGGGGGAGTATCGGGACT",33,0.00220455608257065,"61"
"62",62,"ACCGTCTGTGCCTGTCT","CTTTTCTGCCTTGGGTCTAAAACCAGGTAC",32,0.00213775135279578,"62"
"63",63,"ACGGACGCTCGCAGGGC","ACTGTCCATTCAACGCATCTGGGTATGTGG",30,0.00200414189324604,"63"
"64",64,"ACCCTGTGAGTGTCGCT","TCGCTCGGATATTCGGTAGTACGAGTTCTT",30,0.00200414189324604,"64"
"65",65,"AGCCTGGGTGTGAGTGA","AGCAAATATATCTGACTTTCTATCCTTAAA",29,0.00193733716347117,"65"
"66",66,"AGGGTGGGTCTCTCGGT","ATGATCAGCGGAGTGGCCTGACGTTTCACC",29,0.00193733716347117,"66"
"67",67,"TGTGTCTCTCTGTCGGT","CACGTGCCGTCCGGTAAAGGCTTCGTAAGC",28,0.00187053243369631,"67"
"68",68,"ACACTCTGTCTCTCCGT","AGGAGAGTATCTCTGTGGGGGGCTTGTGGC",28,0.00187053243369631,"68"
"69",69,"ACGGTCTGAGGCTCAGT","GTGGTAGTTATTCTGTCGAGCTATTTCTTC",25,0.0016701182443717,"69"
"70",70,"TCGGTCCCTGGGTGTCG","GGCGTGTTGTTGCTGGTTGACAGTGTTTCT",25,0.0016701182443717,"70"
"71",71,"AGTCAGTGAGGGACGCT","GGTGGCGGTTGGTTGTCATGTTCACACTCA",25,0.0016701182443717,"71"
"72",72,"AGAGTGTGTGTGAGTCT","GAGTGGAGTACAATCGAGACGCGAGTGGTC",24,0.00160331351459683,"72"
"73",73,"AGTGTGTGTCGCTGAGG","TAGCTTTTGGCGTTGGGAGGCTACTTGACG",24,0.00160331351459683,"73"
"74",74,"ACAGTGTGACTGTGGCT","TTTGGGTTTCGCTTTCATTAGTGGAGGAGT",22,0.0014697040550471,"74"
"75",75,"TCTGTGTGTGGCTGTCA","AGCTATCAATGCACTGGGGTCCGATTGTAC",22,0.0014697040550471,"75"
"76",76,"TCTGTCGGTCTGTGTCT","TTAAGGCGGTTTTTTTAGCTGGTTATATGG",21,0.00140289932527223,"76"
"77",77,"AGCGAGCGTCTGACAGG","TGTTTAAAGGGTTGTGGGAATACATGGCAT",20,0.00133609459549736,"77"
"78",78,"ACCCTCTGTGTCTCTGT","CTTTGTGACAGGTACCGCGCTTTTGAGGGT",19,0.00126928986572249,"78"
"79",79,"TCTGACGGTCGCAGGGA","GCCGTTTTGCTCTTAGTGTGTGTTAATCTT",19,0.00126928986572249,"79"
"80",80,"TGGGAGGCACTCTCACT","CGCCATTTGTAACTGTCCTGCCGATACATG",19,0.00126928986572249,"80"
"81",81,"TCGGTCTCTGTCAGTGG","GACTTCGTATTGATGAGGTTTGAGCTTTAA",17,0.00113568040617276,"81"
"82",82,"TGTGTGAGAGACAGTGT","TTGCAATTCTGTAGGGTTAGATTTAGTTTT",17,0.00113568040617276,"82"
"83",83,"ACCCAGCCACGGTCGCG","GTCCAGTAGGCGTATGTCGTTGACAATAAG",16,0.00106887567639789,"83"
"84",84,"AGTCAGTGAGGCTCTGG","GTGTATGGTAAGCGGGGTACTGCGGAAATT",15,0.00100207094662302,"84"
"85",85,"AGAGAGGGTGTGTCGCT","TCGGGTAATTTGTGCATGTATGGGTCCTAC",15,0.00100207094662302,"85"
"86",86,"TGGGAGGGTCCGTGGGT","TTCTGGCTTGTGTAGTTATTCGTGGCTTGC",15,0.00100207094662302,"86"
"87",87,"TCACTGTCTCGCAGTCG","TCAATTGATCTGGTTTCCCCGTGAGTCGTT",15,0.00100207094662302,"87"
"88",88,"TCGGTCCCTCCCTCTGT","TTGATTTCTATTGGTGTCGTTCTTTTTTGG",14,0.000935266216848153,"88"
"89",89,"ACTGTGGGTCGGTGTCG","ATAGTCCCGTGTGCTATGGCGTATCGTTAG",13,0.000868461487073285,"89"
"90",90,"ACCCAGGGACTCAGTCA","AACTTTAGATTGGTGTATATGCCCGGGTCC",13,0.000868461487073285,"90"
"91",91,"TCACTGGGTCTCACACG","AAGAATTTACTTTATTACGCATACGCTTTT",12,0.000801656757298417,"91"
"92",92,"ACAGAGCCTGGGTGTGG","GTCTCTTGTTACCACTGGCGCGATGGTAGT",11,0.000734852027523549,"92"
"93",93,"CTGACAGGGTGTCACCC","TTTATTGACTTCCTCAGAACTTATCGAAAC",11,0.000734852027523549,"93"
"94",94,"TGGCTGTCACAGTGGCA","GTAAAGGACTGTTGTGTTTTTCGGCTTGAT",10,0.000668047297748681,"94"
"95",95,"TCGCTGGCTGTCTCTCA","GTACGATTTTTTTGTGGACCGGGCGAGTTT",10,0.000668047297748681,"95"
"96",96,"AGTCACTCTCGCTGTGG","AGGCGGTCTAGCCGTTTTGGATCAATGATG",10,0.000668047297748681,"96"
"97",97,"TCACTCTCTGGCTGCGG","GGGAGTCTACGGGCTGATTTTGGGACTTGT",10,0.000668047297748681,"97"
"98",98,"TCCCAGTGAGCCAGTGC","TGGCACGGGCGGTTGGGCACGGCTTTTATC",10,0.000668047297748681,"98"
"99",99,"TGTCAGGCTCGGAGTCG","TTCATGGTCTGAGGGGATTAAGTACGTCCC",9,0.000601242567973813,"99"
"100",100,"AGGCACTGTGTGACAGT","TGCCAGTCCTTATTTGGTGATAACTTCTAT",9,0.000601242567973813,"100"
"101",101,"TCGGTGTGTCTGAGGCG","ATGTTTTTCTATTGGCTCAGGGGATTGTTC",9,0.000601242567973813,"101"
"102",102,"TGCGAGGGACTGTCGCG","CGTCATGCTTACTGGTTATGGGTCGGGCTT",9,0.000601242567973813,"102"
"103",103,"TCGGTGTCACCCTCTGG","AATGGGTATGTGTCTGGGCAAATTTGATGT",8,0.000534437838198945,"103"
"104",104,"TGGCAGGCTGCCTGGGC","TAGAACTTAGGGTTATATTTACTCTGTCCT",8,0.000534437838198945,"104"
"105",105,"TCTCACGGTGTCACTCA","TTCTTGTGTTTCAGTTTGGTGTATGTCGTT",7,0.000467633108424076,"105"
"106",106,"TCCGAGTCTGTCAGTGT","AAAGTCTATTCAATGGTGGTTCGTGCGAGA",6,0.000400828378649208,"106"
"107",107,"TCTGACTGAGGGAGTCT","TTTTTTTGTTTTTTACTTAGATGTATCGGT",6,0.000400828378649208,"107"
"108",108,"ACTGAGAGTCTGTCGGG","AGGTCCCCAGTAGTGTGCGGAGCTTCCGCG",6,0.000400828378649208,"108"
"109",109,"ACGCTGGCTGCCTCACT","CGCTCCTTTCCTAGGATGCGCTGTTGCTCC",6,0.000400828378649208,"109"
"110",110,"AGGGTCTGTCAGTGGCA","CCCTCTTCTATCCGCCCCGCCCCAGCTGTT",6,0.000400828378649208,"110"
"111",111,"TGCGTGGCTGGGTGCCT","CTAGTTATTCGATCGTATATTATAGTTACT",6,0.000400828378649208,"111"
"112",112,"TCTGAGTGTGACTGTCG","CTGCAGGGCTGTGGCATATGCCCTTTTAAC",6,0.000400828378649208,"112"
"113",113,"TCGGACCGTGGCTGGGT","GAAGTGCATTTTAGCATAGGATCTTTATTT",6,0.000400828378649208,"113"
"114",114,"ACACTGTGTGTGACGCT","TGGCTAGGTTTCACTAGCTGCACTAATCGG",5,0.00033402364887434,"114"
"115",115,"TCTCAGTGACGCTGTCT","ATTCGGTTTTAGTCTCTCTAGTACGAATAT",5,0.00033402364887434,"115"
"116",116,"TGTCACTGTCGGACAGT","CTTCTATCCGCCCCGCCCCAGCTGTTTGGG",5,0.00033402364887434,"116"
"117",117,"TGCGTGGCTGTCTGCGC","TTTAGCTAGGTCTGTGCTCTAGTAGTTGTG",5,0.00033402364887434,"117"
"118",118,"TGTGACCCACTGTCTCG","CTCTGGGGGTGTTGGTGATCGGCGTTGCAG",5,0.00033402364887434,"118"
"119",119,"TGGGTCAGACAGACTGA","GGGGGGTTTCGTACTATTACGTAGCAGGAT",5,0.00033402364887434,"119"
"120",120,"TGACAGAGTGTGTCACT","TGGGTGTTAACGGGTCTAACCCTTGATTGG",4,0.000267218919099472,"120"
"121",121,"AGTCAGTCAGGGAGTCT","CTTGGTCATTTTCTGGCTACGGAGTGATTT",4,0.000267218919099472,"121"
"122",122,"GCTGTGAGGAGCGATCC","TGGTATTACTTTTCTCTAGAGGAGCGATCC",4,0.000267218919099472,"122"
"123",123,"AGTCTCTGTCCCTGTCG","CTGTGCTCTCACCGTCAAGACGAGTGGAGC",4,0.000267218919099472,"123"
"124",124,"AGGCTGACTCTGACCCT","GGTGTTGATGAAGTGATTACTGGGGTGTTA",4,0.000267218919099472,"124"
"125",125,"TGGGTCTGTCTGTCTGA","TCATGGTTTGTTTTCTGTGATCGAGTTCAT",3,0.000200414189324604,"125"
"126",126,"TGTGAGTGAGTCTCTGG","TCAGCTGCTGGGACGGGGGGCGCGTGATAT",3,0.000200414189324604,"126"
"127",127,"TCTGTCTGTCGCTCAGG","GGACAACTTATGGCCTAGGTCTAAGTTGAA",3,0.000200414189324604,"127"
"128",128,"TGTCACTCACTGAGCCT","TAGTAGAGTGGTTTTGGAGGGTGCGATGAT",3,0.000200414189324604,"128"
"129",129,"AGAGAGGGACCGAGCGT","AGGCGGTCTCGCCGTTTTGGATCAATGATG",3,0.000200414189324604,"129"
"130",130,"TCAGTGCGAGTGTCTCT","GCGGACTTTTGGAGTTTCGGTCATGGATTT",3,0.000200414189324604,"130"
"131",131,"GGTCTGTCAGTGGCACC","CTAACGTTAGGTTTTGTTCTCGTTGGTTGC",2,0.000133609459549736,"131"
"132",132,"ACTGTCGCTGTCTCTGA","GTGGAATGTTAGTGGCGCTGTAGCTTGGGT",2,0.000133609459549736,"132"
"133",133,"ACAGTCCGACTGTCAGC","TCAGTGGTAGTGATTATTTCGTGTCAAGGT",2,0.000133609459549736,"133"
"134",134,"AGTGACTGACGGGGTGG","TCAGTGTTAGGGATTATTTCGTGTCAAGGT",2,0.000133609459549736,"134"
"135",135,"TGTCAGAGTGTGTCACT","CGTTTTTATGCTCTGGGGGTTCTCGACGGC",2,0.000133609459549736,"135"
"136",136,"AGTGAGTGACAGTACGT","CCAGTGGTGCAAGGCGGTACGGGACTTCAC",2,0.000133609459549736,"136"
"137",137,"AGAGAGTCTGTGTGTGA","GAGACTAGATTAGCCTTAACTGCGTGGGCT",2,0.000133609459549736,"137"
"138",138,"AGTCTGTGTCCGGGTGG","TCCGTTTATCTGGCTCTCCCTGACTCACCG",2,0.000133609459549736,"138"
"139",139,"ACGCAGTGAGGGACGCT","CCCCTTGGCTTTTACTTTATAGCTCTGGCT",2,0.000133609459549736,"139"
"140",140,"ACTGACGGTCGCTGTCT","TTTTTCATCGTGCAGGTTGGGGAGTTCCTT",2,0.000133609459549736,"140"
"141",141,"TGGGTCTCAGCGTGGGG","TTAAGGCGGTTTTTTTAGCTGGGTATATGG",2,0.000133609459549736,"141"
"142",142,"AGCCAGTGTCTGTGTGG","CCGTTGGTCAGTTGGCCTTGTTTTCCTTAG",2,0.000133609459549736,"142"
"143",143,"TGGGTCGCTGTCTCCCT","TGTAGTACTGGGGATCTTCTTGTGTGAGCT",2,0.000133609459549736,"143"
"144",144,"TGTGTCGCTGTCTCCCA","AGCTATCAATGCCCTGGGGTCCGATTGTAC",2,0.000133609459549736,"144"
"145",145,"GGCCTGTCACGCTGTGA","TGGCACGGGCGGTTCGGCACGGCTTTTATC",2,0.000133609459549736,"145"
"146",146,"ACCCTCGCTCTGTCTCT","GCAACGTTAGGTTTTGTTCTCGTTGGTTGC",2,0.000133609459549736,"146"
"147",147,"AGAGAGGGAGTGTCGCT","AACGTTAGGATTGGTTCTCGGTGGGTGCTG",2,0.000133609459549736,"147"
"148",148,"ACGGTACGACTGTCAGC","TGGGGGTTAACGTGTCTAACCCTTGATTGG",2,0.000133609459549736,"148"
"149",149,"AGCGAGCGTCTCACACG","TTCATCCAGGACCGTCTGGGCTTAACTTTA",2,0.000133609459549736,"149"
"150",150,"ACACTGTGACTGTCGCT","TCAACTTCTTTCTACCGGCTGGGTAGGGAC",2,0.000133609459549736,"150"
"151",151,"ACCCTCGGTCTGTCGGT","CAGCATACTCGGAAGCGTTTATTGGACCTG",2,0.000133609459549736,"151"
"152",152,"TGCCTGTCACACTGGCA","CTCCGTGGTGGGTTTTGTCCTTTACGCTCT",2,0.000133609459549736,"152"
"153",153,"ACAGTGCGACTGTCGCT","TTGACTGAGTCGTATGTCGACTTGTTATAG",2,0.000133609459549736,"153"
"154",154,"TCTGAGTGAGTCTGTGT","GTGGCGTCGGTTGTCCATCGGCTTTTTTTT",2,0.000133609459549736,"154"
"155",155,"TGAGTGTGACGCTGTCG","GTGAGAGAGGGTCATTTTTGTATGCTTCGT",2,0.000133609459549736,"155"
"156",156,"TCGCTGTCTCTGAGGCG","AACGTTAGGTTTTGGTCTCGTTGGTTGCTG",2,0.000133609459549736,"156"
"157",157,"TCTGTGTCTGGCGGTCA","ATACTCGGAAGCGTTTATTGGAACTGTGGG",2,0.000133609459549736,"157"
"158",158,"TCTGAGTGTGACAGTCG","TATTGGCAATGAGGGAGGGGGGTGGTTCGG",2,0.000133609459549736,"158"
"159",159,"AGTGAGTGACCGTGCGT","CTCCGTGGTGGGGTTTGTCCTTTACGCTCT",2,0.000133609459549736,"159"
"160",160,"TGTCAGGGACTCACCCA","GCACTACTGTTATTTGAGTCAGGTTATTAT",2,0.000133609459549736,"160"
"161",161,"ACCCCGGGACTCAGTCA","TGGGTGTTACCGTGTCTAACCCTTGATTGG",1,6.68047297748681e-05,"161"
"162",162,"AGGGGGGTTCTCTCGGT","TGGGTGTTACCGTGTCTAACTCTTGATTGG",1,6.68047297748681e-05,"162"
"163",163,"AGAGCGGGAGCGAGGGT","TTGATTTCTCTTGGTGTCGTTCTTTTTTGG",1,6.68047297748681e-05,"163"
"164",164,"ACGGTCCGACTGGCAGC","CCTATTGCTATTTCTTTAGAGGTAGAGTTC",1,6.68047297748681e-05,"164"
"165",165,"GGTCTCAGCGTGGGTCA","ATATTGTGTTCCCTCAGAACTTATCGAAAC",1,6.68047297748681e-05,"165"
"166",166,"CTGACATGGTGTCACCC","TGTACGATTTTTTTGTGGACCGGGCGAGTT",1,6.68047297748681e-05,"166"
"167",167,"TGAGAGTCTCCCTGAGT","ATACTCGGACGCGTTTATTGGACCTGTGGG",1,6.68047297748681e-05,"167"
"168",168,"AGGGTCTGTCCGTGGCA","CCCTGTGAGAGAGGGTAATTTTTGTATGCT",1,6.68047297748681e-05,"168"
"169",169,"AGCCTGTCTGTGTCTGT","TTGACTGATTCGTATGTCGACTTGTTATAG",1,6.68047297748681e-05,"169"
"170",170,"GAGAGTCGCTGACAGGG","TGTCACCCTTAGATTCCTACCCTCGACGTG",1,6.68047297748681e-05,"170"
"171",171,"AGTGACACTCCGACTGA","ATACTCGGAAGCGGTTATTGGACCTGTGGG",1,6.68047297748681e-05,"171"
"172",172,"AGCGATCCTGGTATTAC","TTTTCTCTAGAGGAGCGATCCTGGTATTAC",1,6.68047297748681e-05,"172"
"173",173,"GCGGTCGCTCTGAGTGT","ATTATAATGGGCGTGGTTATTAGAGTGATA",1,6.68047297748681e-05,"173"
"174",174,"TGCGAGTCTGGCTGCGT","TTCTGGCTTGTGTCGTTATTCGTGGCTTGC",1,6.68047297748681e-05,"174"
"175",175,"TGGGTCTCAGCGGGGGT","TTATTGACTTCCTCCGAACTTATCGAAACT",1,6.68047297748681e-05,"175"
"176",176,"TCTGTGTCTGTCTGTCA","CCTATTGCTATTTGTTTAGAGGTAGAGTTC",1,6.68047297748681e-05,"176"
"177",177,"TCTGTCCGTGAGAGTGA","ACTACAGTACCTAAGAGCATCCCTCATTGG",1,6.68047297748681e-05,"177"
"178",178,"ACTCTCCGTCACTGGGC","ATAGTCCCGTGTGCTCTGGCGTATCGTTAG",1,6.68047297748681e-05,"178"
"179",179,"TGGGACACTGCGGGGCT","GGCCATTCGGATGCTCACGCCTGCTTGCCG",1,6.68047297748681e-05,"179"
"180",180,"CTGACAGGGGGTCACCC","TGGGTATGGTAAGCGGGGTACTGCGGAAAT",1,6.68047297748681e-05,"180"
"181",181,"TCCCTGGGCGTCACGGC","TAGAACTTAGGGTTCTATTTACTCTGTCAT",1,6.68047297748681e-05,"181"
"182",182,"GGTGTGTCTGTGTCCGT","GTGGTGGGTGTTAACGTGTCTAACCCTTGA",1,6.68047297748681e-05,"182"
"183",183,"TCGGTCGCTCTGAGTGG","CTTGGTCATTTTCGGGCTACGGAGTGATTT",1,6.68047297748681e-05,"183"
"184",184,"TGGCTGTCACCGTGGCA","CTTTATTCATAACCTTGTAAGTTTTTCTGT",1,6.68047297748681e-05,"184"
"185",185,"AGTCGGTGAGGCTCTGG","GTGAGAGAGGGTCCTTTTTGTATGCTTCGT",1,6.68047297748681e-05,"185"
"186",186,"TCTGAGTGCGTCTGTGA","GAACTGTGGCCTCCCGTTGGGAGTATTTCT",1,6.68047297748681e-05,"186"
"187",187,"AGAGTCTGTGTGTGAGA","GACTTGGGTGTTAACGTGTCTAACCCTTGA",1,6.68047297748681e-05,"187"
"188",188,"CCCTCGGTCTGTCTCAC","GTCGGTTGTCCATCGGCTTTTTTTTTTTCG",1,6.68047297748681e-05,"188"
"189",189,"TGGGAGGGTCCGTGGGG","GTCCAGCAGCTGATGGTTCTGTTCTATCTC",1,6.68047297748681e-05,"189"
"190",190,"GCTGTGTGTGAGAGACT","GCATTTCGCTCCGTTCATTAGCTGAGTCTC",1,6.68047297748681e-05,"190"
"191",191,"TGTGTGGGTTTCTCGGA","GTACGATCTCACGGTGCGTTTTGTGATCCG",1,6.68047297748681e-05,"191"
"192",192,"AGAGTCTGTGTCCGTGT","GGTTTTTGCGCGTAATTGGGCGGGGTTGGG",1,6.68047297748681e-05,"192"
"193",193,"ACCCTCGGTCTGTCTCT","GCTTCATCCAGGAACGTCTGGGCTTAACTT",1,6.68047297748681e-05,"193"
"194",194,"AGCGTCCGACCGAGACG","GGGTGATGTTCCTCGCCTGACGATTTCATT",1,6.68047297748681e-05,"194"
"195",195,"TCGCTGTCTCTGGGTGG","GGACAACTTTTGGCCTAGGTCTAAGTTGAA",1,6.68047297748681e-05,"195"
"196",196,"GGAGGCACTCTCAGTCT","GGCAATATTGTGTTCCCTCTATGCTTCAAT",1,6.68047297748681e-05,"196"
"197",197,"TGCGAGTGTGGCACCCA","GTGTATGGTCAGCGGGGTACTGCGGAAATT",1,6.68047297748681e-05,"197"
"198",198,"TGGGTCTCTCTGTCGGT","TAGATAGGGCTCCTGTTTTTTTGGTGTATC",1,6.68047297748681e-05,"198"
"199",199,"TCGTTCCCTCCCTCTGT","TGGCTAGGTTTAACTCGCTGCACTAATCGG",1,6.68047297748681e-05,"199"
"200",200,"AGGCTCGGCGTGAGGCT","TAGATAGTGCTCCTGTTTTTTTGGTGTATC",1,6.68047297748681e-05,"200"
"201",201,"TCCCTGTGTGTCACGGC","CCTATTGCTCTTTATTTAGAGGTAGAGTTC",1,6.68047297748681e-05,"201"
"202",202,"CGCTGACAGGGTGTCAC","CCTTTGACTGAGTCGTATGTCGACTTGTTA",1,6.68047297748681e-05,"202"
"203",203,"AGCGTGTCAGGGTGATC","TGCCAGTCCTTCTTTGGTGATAACTTCTAT",1,6.68047297748681e-05,"203"
"204",204,"GGCCTGTCTGTGTCTGT","TCGTGCGATTGATAGGGGCCGTAGGTGCCA",1,6.68047297748681e-05,"204"
"205",205,"CGAGTGTGGCACCGGCG","TCGGTTGTCCATCTGCTTTTTTTTTTTTCG",1,6.68047297748681e-05,"205"
"206",206,"TGTGGGTGTCTCGGACG","TCGGTTGTCCATCGGCTTTTTTTTTTTTCG",1,6.68047297748681e-05,"206"
"207",207,"TGAGTGCCTGGGTGTCA","CGGCTGGTTCCTAGGGCAATTTGGCTTCGC",1,6.68047297748681e-05,"207"
"208",208,"AGCGTGTCATGGTGACC","TCGGGTAATTTGTGCATGTATGGGTCATAC",1,6.68047297748681e-05,"208"
"209",209,"TGTCACTCACGGAGCCT","CGGCTTCGTTATGGGTCTTCTCCGTTGACC",1,6.68047297748681e-05,"209"
"210",210,"AGGCAGTGAGGCGCGGG","GGGGCGGCTTCTTGCTGGGTCATTGTGAAC",1,6.68047297748681e-05,"210"
"211",211,"TCTCAGGTTCTGTGTCA","TCCGTTTATCTGGCTCTCCATTACTCACCG",1,6.68047297748681e-05,"211"
"212",212,"ACACTCTGACGCTGGGC","TCAGTGTTAGTGATTCTTTCGTGTCAAGGT",1,6.68047297748681e-05,"212"
"213",213,"TCGGTCGCTCTGCGTGT","TCAGCTGCTGGGCCGGGGGGCGCGTGATAT",1,6.68047297748681e-05,"213"
"214",214,"TGGGACAGCGTGTCTGG","TCAACTTCTTTCTCCAGGCTGGGTAGGGAC",1,6.68047297748681e-05,"214"
"215",215,"ACCGTCTGTGCCGGTCT","TAGATTCCTCCCCTCGACGTGTGATATTTT",1,6.68047297748681e-05,"215"
"216",216,"TCCCTGGGTGCCACGGC","CGTCGGTTGTCCCTCGGCTTTTTTTTCTCG",1,6.68047297748681e-05,"216"
